Title,Status,Time,Upload
"13 Nov, 2021 09:29am",Weekly inflation sees highest increase in three months,"13 Nov, 2021",Updated
"13 Nov, 2021 09:41am","13 Nov, 2021",Updated,Shaukat Tarin launches formulation of Inland Revenue Code to simplify tax laws
Stocks plunge as MSCI lowers Pakistan weight,"13 Nov, 2021","13 Nov, 2021 09:35am",Updated
"13 Nov, 2021",Published,"13 Nov, 2021 07:08am","Dollar bounces back, hits all-time high at Rs175.73"
"13 Nov, 2021",Probe sought into botched rollout of PSX trading system,"13 Nov, 2021 09:45am",Updated
"13 Nov, 2021 09:47am","13 Nov, 2021",500 Global offers support to tech start-ups in Pakistan,Updated
"13 Nov, 2021 09:53am","13 Nov, 2021",Updated,Govt will let market fix sugar price: millers
"12 Nov, 2021 08:21am","12 Nov, 2021",Updated,Plan to provide gas to domestic sector three times a day
"12 Nov, 2021 07:52am","12 Nov, 2021",Eight sectors record double-digit growth in exports,Updated
"12 Nov, 2021 07:34am",Foreign investors ask Pakistan to deregulate energy chain,"12 Nov, 2021",Updated
Why it is important for Pakistan to have accurate data for unemployment,That field is empty,,
"Down inflation road, again",That field is empty,,
Rupee’s slide — a few points to ponder,That field is empty,,
Sovereignty vs autonomy: What outstanding items remain before IMF programme is revived?,That field is empty,,
PTI's promise of providing 5m low-cost housing units by 2023 may remain an unfulfilled dream,That field is empty,,
The ongoing 'quiet transformation' in Sindh,That field is empty,,
That field is empty,Is Pakistan’s public debt sustainable?,,
What are the challenges facing Pakistan's banking landscape?,That field is empty,,
A digital library for Urdu books: Adeeb Online,That field is empty,,
Why Pakistan isn't launching local streaming services,That field is empty,,
How Dr Essa Labs continue to tackle Covid-19 and empower people,That field is empty,,
"08 Nov, 2021 09:38am",Sovereignty vs autonomy,"08 Nov, 2021",Updated
Unlocking the potential of SMEs,"08 Nov, 2021 10:03am","08 Nov, 2021",Updated
"08 Nov, 2021 09:54am","08 Nov, 2021",The dream of owning a home,Updated
Chiniot’s industry and agriculture,Published,"08 Nov, 2021 07:27am","08 Nov, 2021"
"PM allowed force use, but military opposed it",That field is empty,,
"'You remain our pride': Pakistanis heartbroken, yet full of praise for Green Shirts after semi-final defeat",That field is empty,,
"APS carnage: SC grills PM Imran on talks with the TTP, questions govt's inaction against perpetrators",That field is empty,,
'It was just not his day': Babar Azam backs Hasan Ali after costly blunder in semi-final,That field is empty,,
"Matthew Wade blitz lifts Australia past Pakistan, into final",That field is empty,,
Pakistan vs Australia: 5 things Babar Azam and Co should do to break the Kangaroos jinx,That field is empty,,
5 takeaways from Pakistan's World Cup campaign that ended in a heartbreak for the ages,That field is empty,,
That field is empty,"'India losing battle of hearts and minds' in occupied Kashmir, says FM Qureshi alongside OIC envoy",,
"PM allowed force use, but military opposed it",That field is empty,,
That field is empty,"After Pakistan, China backs out of Afghan moot hosted by India",,
"'You remain our pride': Pakistanis heartbroken, yet full of praise for Green Shirts after semi-final defeat",That field is empty,,
"APS carnage: SC grills PM Imran on talks with the TTP, questions govt's inaction against perpetrators",That field is empty,,
'It was just not his day': Babar Azam backs Hasan Ali after costly blunder in semi-final,That field is empty,,
"Matthew Wade blitz lifts Australia past Pakistan, into final",That field is empty,,
Pakistan vs Australia: 5 things Babar Azam and Co should do to break the Kangaroos jinx,That field is empty,,
That field is empty,"'India losing battle of hearts and minds' in occupied Kashmir, says FM Qureshi alongside OIC envoy",,
"Pakistan to 'favourably' consider Afghan request for transport of Indian wheat, PM tells visiting delegation",That field is empty,,
'It was just not his day': Babar Azam backs Hasan Ali after costly blunder in semi-final,That field is empty,,
"Income of certain segments of society has increased despite inflation, says Fawad",That field is empty,,
"Matthew Wade blitz lifts Australia past Pakistan, into final",That field is empty,,
5 takeaways from Pakistan's World Cup campaign that ended in a heartbreak for the ages,That field is empty,,
TTP and a national tragedy,That field is empty,,
That field is empty,Pakistan rejects criticism over acquittal of UN-designated persons,,
IHC dismisses Faisal Vawda's plea to stop ECP disqualification case against him,That field is empty,,
"With TLP on board and TTP nearly so, PM Imran has scored a century against the ‘bloody liberals’ he hates",That field is empty,,
Editorial: The cricket team may not have gone all the way but they have restored Pakistan's standing,That field is empty,,
The 'Get Sanjrani' operation holds great significance for the opposition,That field is empty,,
5 takeaways from Pakistan's World Cup campaign that ended in a heartbreak for the ages,That field is empty,,
'Massive respect': Rizwan the 'warrior' went from ICU to half-century in Pak vs Aus semi-final,That field is empty,,
